id,first_name,last_name,email,phone,SSN
1,Wynne,Badger,wbadger0@latimes.com,550-300-9169,895-67-5740
2,Hagen,Quadrio,hquadrio1@blogs.com,487-688-5955,656-66-0518
3,Cecelia,Priden,cpriden2@abc.net.au,196-248-8882,116-47-4874
4,Tonnie,Hedden,thedden3@blogtalkradio.com,156-222-3295,484-79-9959
5,Ainsley,Dunkirk,adunkirk4@examiner.com,528-865-6093,561-36-9708
6,Andrea,Golagley,agolagley5@adobe.com,293-599-3932,202-38-2574
7,Say,Jinkin,sjinkin6@cbsnews.com,389-689-7690,482-28-3666
8,Vevay,Kilmartin,vkilmartin7@pen.io,731-725-5264,141-78-3196
9,Wileen,Wiseman,wwiseman8@tinypic.com,163-359-6888,668-69-4406
10,Madeleine,Mankor,mmankor9@who.int,514-196-4909,322-88-3468
11,Letitia,McGilvary,lmcgilvarya@godaddy.com,906-490-9788,582-25-1482
12,Courtney,Bussen,cbussenb@elpais.com,581-293-4632,645-35-6471
13,Turner,Zaple,tzaplec@uiuc.edu,659-791-3310,158-53-4817
14,Francisca,Ferraron,fferrarond@slate.com,192-846-8029,596-82-4001
15,Inessa,Vakhrushev,ivakhrusheve@sohu.com,493-320-4389,679-64-5691
16,Angelita,Schaben,aschabenf@nhs.uk,393-107-7212,724-75-2574
17,Fonzie,Rene,freneg@bbc.co.uk,299-566-0971,815-74-8400
18,Kelsey,Scotting,kscottingh@ucoz.com,341-848-3976,554-14-2879
19,Adams,Critten,acritteni@homestead.com,588-698-2893,332-32-8936
20,Karlotte,Sackett,ksackettj@joomla.org,815-674-8272,567-79-3081
21,Ana,Devorill,adevorillk@state.gov,588-458-5001,280-55-3691
22,Sheela,Gosse,sgossel@mapy.cz,146-300-1457,186-38-2942
23,Donnie,Van den Broek,dvandenbroekm@census.gov,643-977-0442,302-88-3033
24,Kristyn,O'Hallagan,kohallagann@163.com,618-258-9208,238-80-4006
25,Ripley,Garken,rgarkeno@soup.io,997-152-6432,430-13-0569
26,Siffre,Cholonin,scholoninp@eepurl.com,267-417-4424,598-56-6265
27,Dulci,Pawley,dpawleyq@umn.edu,206-650-2574,336-37-1576
28,Cornie,Langmuir,clangmuirr@mtv.com,805-826-8211,419-09-9572
29,Elana,Curneen,ecurneens@yellowbook.com,156-485-0401,384-64-1941
30,Karina,Sipson,ksipsont@elegantthemes.com,512-168-0690,752-77-3097
31,Patience,Baigent,pbaigentu@upenn.edu,661-272-1059,509-39-3639
32,Ceil,Frayn,cfraynv@tamu.edu,978-301-2556,452-22-7801
33,Wallace,McFarlane,wmcfarlanew@unicef.org,300-831-1250,342-65-1366
34,Tobiah,Farrears,tfarrearsx@indiegogo.com,910-476-6562,596-02-6072
35,Lem,Braithwaite,lbraithwaitey@bravesites.com,903-571-3411,363-81-7099
36,Alexio,Winterton,awintertonz@yellowpages.com,529-230-2118,818-64-7752
37,Jillian,Bratty,jbratty10@microsoft.com,114-962-8901,484-18-3061
38,Adolf,Spaducci,aspaducci11@topsy.com,255-751-8833,372-08-8481
39,Ric,Headon,rheadon12@myspace.com,637-345-7124,880-41-4039
40,Vikky,Sallery,vsallery13@example.com,925-816-3303,369-95-3662
41,Curry,Heugh,cheugh14@weather.com,374-360-2456,540-71-8591
42,Richy,Emmanuel,remmanuel15@washingtonpost.com,979-256-6008,237-61-9004
43,Drucy,Rands,drands16@g.co,130-576-0424,252-83-4812
44,Goldi,Mirams,gmirams17@aol.com,396-943-2851,457-10-5275
45,Nikolas,Matusson,nmatusson18@icq.com,639-356-7131,305-61-3721
46,Shalom,Bohling,sbohling19@bigcartel.com,288-394-7145,856-62-9709
47,Lyndel,Buxsey,lbuxsey1a@comcast.net,209-304-5084,727-35-6582
48,Abdel,Gatling,agatling1b@hatena.ne.jp,657-477-2885,853-16-2579
49,Stirling,Dorin,sdorin1c@google.de,658-321-2402,311-08-1762
50,Maxwell,Eake,meake1d@oakley.com,551-550-3128,672-25-4458
51,Ardith,Riggoll,ariggoll1e@msn.com,297-552-9750,188-15-4452
52,Filip,Gilhouley,fgilhouley1f@uol.com.br,953-704-7839,622-32-1089
53,Ashlee,Jinda,ajinda1g@nba.com,906-764-5375,862-24-6900
54,Hilliary,Moyler,hmoyler1h@4shared.com,488-118-4105,750-55-8815
55,Erica,Keppy,ekeppy1i@wisc.edu,573-184-7846,390-21-5698
56,Anestassia,Janzen,ajanzen1j@army.mil,448-884-8168,884-29-5475
57,Debbi,Juarez,djuarez1k@soup.io,989-424-8940,129-21-6454
58,Gordie,Sleeford,gsleeford1l@purevolume.com,801-109-9087,149-17-3990
59,Niki,Rozsa,nrozsa1m@github.io,564-714-3387,265-66-1058
60,Seward,Lindborg,slindborg1n@usa.gov,817-111-1945,722-87-9962
61,Laney,Waith,lwaith1o@mozilla.org,420-177-4251,367-05-3322
62,Bonny,Normavill,bnormavill1p@sun.com,544-637-4971,575-67-5282
63,Pearle,Ivers,pivers1q@live.com,418-988-8144,660-15-2541
64,Rebecca,Connold,rconnold1r@meetup.com,871-624-9953,204-91-7004
65,Siusan,Bergin,sbergin1s@columbia.edu,747-632-0454,674-01-5944
66,Salmon,Halliberton,shalliberton1t@t-online.de,326-806-2168,425-32-0447
67,Craggie,Hacard,chacard1u@xing.com,697-105-3099,552-33-8207
68,Rodney,Ferrierio,rferrierio1v@howstuffworks.com,624-701-4579,822-35-1765
69,Essy,Winram,ewinram1w@zimbio.com,405-502-6168,672-80-8735
70,Shirlene,Danter,sdanter1x@amazon.de,626-510-4575,434-42-8785
71,Linet,Stitle,lstitle1y@columbia.edu,648-893-5441,595-21-7245
72,Zerk,Limon,zlimon1z@usda.gov,678-739-8819,738-80-6234
73,Maryl,McAllan,mmcallan20@apple.com,230-520-2864,824-06-2806
74,Gabrila,Blakeden,gblakeden21@discuz.net,135-999-0908,283-81-4809
75,Candie,Alentyev,calentyev22@economist.com,695-206-9241,505-27-7387
76,Adrianna,Gebhard,agebhard23@auda.org.au,803-831-7875,109-23-6163
77,Christen,Iglesiaz,ciglesiaz24@goo.ne.jp,289-601-5436,809-41-7612
78,Charity,Purle,cpurle25@sohu.com,147-966-8851,871-82-5786
79,Cherise,Farquar,cfarquar26@mapy.cz,385-317-9342,102-23-5652
80,Sioux,Bertolaccini,sbertolaccini27@ning.com,375-758-5087,282-53-4567
81,Briant,Grinov,bgrinov28@ucoz.ru,282-579-5618,799-37-8124
82,Ewen,Delahunt,edelahunt29@forbes.com,780-308-7270,322-25-5582
83,Sigfried,Petruk,spetruk2a@npr.org,321-151-1937,113-87-7217
84,Evaleen,Fearnehough,efearnehough2b@histats.com,960-734-9082,509-78-2102
85,Olivero,Boadby,oboadby2c@google.nl,436-314-7354,860-30-1759
86,Vanya,Gierardi,vgierardi2d@marketwatch.com,517-663-3928,793-49-8083
87,Colene,Heyburn,cheyburn2e@dailymotion.com,376-485-1209,672-46-1952
88,Vonny,Glabach,vglabach2f@ask.com,202-109-8879,125-95-2495
89,Gibby,Nowlan,gnowlan2g@opera.com,136-621-7954,817-38-2737
90,Bette-ann,Dyment,bdyment2h@dion.ne.jp,918-921-9016,152-66-9633
91,Hollyanne,Gorman,hgorman2i@sohu.com,763-531-0383,562-05-2751
92,Patty,Duny,pduny2j@seattletimes.com,697-970-0531,859-11-7957
93,Theodor,Assard,tassard2k@posterous.com,455-627-9901,536-59-9136
94,Yolanthe,McVittie,ymcvittie2l@accuweather.com,370-392-2935,282-83-0457
95,Jilleen,Askell,jaskell2m@seesaa.net,690-371-2073,313-88-0145
96,Winnie,Hurch,whurch2n@ucsd.edu,414-588-5100,453-10-9750
97,Basia,Joselin,bjoselin2o@stumbleupon.com,605-220-7697,820-95-8693
98,Yurik,Burgess,yburgess2p@ameblo.jp,268-367-3400,571-17-0470
99,Dee dee,De Gouy,ddegouy2q@rakuten.co.jp,553-741-5189,450-40-2345
100,Ansell,Mannakee,amannakee2r@bing.com,508-209-0493,564-40-6095
101,Dix,Ondrak,dondrak2s@xing.com,942-280-5404,634-14-3099
102,Lemmy,Pidgley,lpidgley2t@cloudflare.com,912-887-9142,458-20-0641
103,Abel,Werlock,awerlock2u@i2i.jp,640-812-5267,407-26-5592
104,Bethanne,Whiteoak,bwhiteoak2v@loc.gov,918-693-6017,822-74-6009
105,Debera,Ferri,dferri2w@exblog.jp,961-667-8898,159-18-0166
106,Gillan,Strettle,gstrettle2x@skyrock.com,231-376-3965,544-22-0122
107,Ashla,Geaney,ageaney2y@blogspot.com,996-476-8464,801-26-3255
108,Radcliffe,Westoff,rwestoff2z@discovery.com,195-810-8237,210-39-0572
109,Oona,Hallut,ohallut30@studiopress.com,813-945-6742,736-50-8553
110,Remus,Clendinning,rclendinning31@csmonitor.com,648-536-2397,402-88-5629
111,Dorri,Sumbler,dsumbler32@icio.us,960-360-8940,514-11-3059
112,Othilie,Jeacop,ojeacop33@eepurl.com,498-905-0222,707-50-8416
113,Lou,Terese,lterese34@craigslist.org,118-468-6801,865-71-7803
114,Mureil,Dutt,mdutt35@toplist.cz,518-228-2557,454-87-7569
115,Cherida,O'Carney,cocarney36@wix.com,221-832-0248,268-34-7107
116,Decca,Marsham,dmarsham37@nature.com,660-660-8027,812-24-9545
117,Delinda,Blennerhassett,dblennerhassett38@tripod.com,756-983-8695,748-36-1360
118,Glad,Connold,gconnold39@sciencedirect.com,734-494-3927,609-03-9211
119,Reeva,Dunk,rdunk3a@facebook.com,696-875-2335,581-60-2492
120,Lester,Nasey,lnasey3b@furl.net,776-716-4075,385-15-8889
121,Tommi,Skinn,tskinn3c@bbb.org,989-737-6130,219-28-4224
122,Cobb,Bunney,cbunney3d@princeton.edu,661-221-8358,828-91-1374
123,Jeniece,Campagne,jcampagne3e@aboutads.info,517-176-3463,582-38-8328
124,Marion,Byllam,mbyllam3f@github.com,745-209-1325,704-61-4870
125,Pearline,Elleyne,pelleyne3g@exblog.jp,735-672-8955,746-29-6755
126,Diandra,Norton,dnorton3h@icq.com,461-900-1915,186-93-9422
127,Jodie,Breeton,jbreeton3i@phpbb.com,676-838-7721,122-70-4516
128,Griffin,Pilling,gpilling3j@gizmodo.com,577-761-6861,819-22-8425
129,Ring,Records,rrecords3k@netvibes.com,923-224-5382,526-81-7414
130,Beatrice,Longstreeth,blongstreeth3l@techcrunch.com,873-549-9607,717-75-9504
131,Nolana,Langtree,nlangtree3m@prnewswire.com,475-630-1393,491-90-4725
132,Barret,Latek,blatek3n@alibaba.com,864-220-4964,466-91-6497
133,Teodor,Fiddeman,tfiddeman3o@odnoklassniki.ru,765-628-0501,286-31-6873
134,Robinetta,Gammons,rgammons3p@webeden.co.uk,136-174-5895,881-63-0378
135,Horatia,Gall,hgall3q@epa.gov,694-175-6126,521-72-1185
136,Kettie,Balharrie,kbalharrie3r@tiny.cc,242-732-0783,237-62-0533
137,Reggi,Beckers,rbeckers3s@yale.edu,736-529-3393,684-16-5601
138,Stephenie,Arstall,sarstall3t@patch.com,784-328-3369,717-83-2978
139,Kerr,Bruno,kbruno3u@goo.ne.jp,724-416-3616,425-99-7172
140,Peirce,Backe,pbacke3v@google.co.jp,633-481-3620,597-26-9636
141,Ottilie,Vearncombe,ovearncombe3w@artisteer.com,345-350-5873,453-26-8282
142,Justinn,Tomaschke,jtomaschke3x@craigslist.org,670-135-1360,671-09-0874
143,Sheila,Orto,sorto3y@miitbeian.gov.cn,610-787-8492,200-67-6200
144,Cointon,Verrico,cverrico3z@globo.com,616-775-1804,515-27-2984
145,Tersina,Castelletti,tcastelletti40@elegantthemes.com,320-730-3341,185-38-8943
146,Danny,Drejer,ddrejer41@japanpost.jp,153-297-7997,252-18-5229
147,Gerianne,Jelliman,gjelliman42@uol.com.br,831-310-6669,803-37-5660
148,Adoree,Cowndley,acowndley43@unc.edu,421-323-9961,492-93-3464
149,Regina,Rathke,rrathke44@bbb.org,831-394-4959,625-71-1784
150,Hashim,Chazette,hchazette45@artisteer.com,425-588-9864,672-63-6347
151,Seward,Creffield,screffield46@vk.com,936-149-0071,453-28-3428
152,Greer,MacGuigan,gmacguigan47@live.com,497-434-9159,154-48-0677
153,Minne,Callingham,mcallingham48@livejournal.com,984-502-7531,114-08-4502
154,Carey,Donhardt,cdonhardt49@delicious.com,299-592-8793,668-07-1744
155,Arabel,Vigours,avigours4a@usnews.com,459-584-0730,619-70-7830
156,Ginger,Skaif,gskaif4b@samsung.com,331-198-7482,456-79-8462
157,Sheelah,Benham,sbenham4c@weibo.com,279-264-9615,242-21-5034
158,Niccolo,Labram,nlabram4d@sakura.ne.jp,696-966-3229,834-31-5297
159,Demetria,Brackpool,dbrackpool4e@uiuc.edu,478-457-1804,632-04-3194
160,Sheridan,Mugg,smugg4f@blogger.com,482-134-4425,334-02-7267
161,Madlin,Sandyfirth,msandyfirth4g@hud.gov,788-140-4675,822-78-4494
162,Nollie,Kemer,nkemer4h@simplemachines.org,221-804-7925,346-86-2755
163,Justino,Latan,jlatan4i@privacy.gov.au,407-822-5426,860-23-8233
164,Perkin,MacFadden,pmacfadden4j@paginegialle.it,745-533-7727,769-86-8121
165,Cacilia,Yakobowitz,cyakobowitz4k@go.com,127-819-3868,120-02-2694
166,Dona,Tackley,dtackley4l@youtube.com,750-332-5283,151-02-4621
167,Beulah,Rosenblatt,brosenblatt4m@apache.org,433-658-4547,179-19-3215
168,Nari,Bernardoni,nbernardoni4n@furl.net,140-677-5624,172-74-0595
169,Zackariah,Swadlinge,zswadlinge4o@rediff.com,187-929-4032,430-47-2051
170,Vincents,Sneyd,vsneyd4p@pen.io,605-892-6344,404-52-6066
171,Emmie,Figliovanni,efigliovanni4q@freewebs.com,636-262-5835,453-66-3988
172,Ludvig,Tuvey,ltuvey4r@w3.org,634-714-9132,188-80-4698
173,Kit,Braley,kbraley4s@hud.gov,843-297-5398,180-56-6044
174,Avery,Vere,avere4t@cornell.edu,251-529-0585,304-06-0917
175,Gian,Murrie,gmurrie4u@amazon.co.jp,754-466-1665,878-98-2334
176,Meredithe,Trenaman,mtrenaman4v@smh.com.au,952-706-9083,410-77-1042
177,Cleo,Maw,cmaw4w@cmu.edu,776-153-6457,609-69-1938
178,Freddi,Fearney,ffearney4x@1688.com,555-718-0261,658-04-1120
179,Grazia,Scarfe,gscarfe4y@ibm.com,898-944-5217,610-36-4126
180,Correna,Kenrick,ckenrick4z@who.int,842-359-6005,310-95-3976
181,Reagan,Priscott,rpriscott50@mtv.com,744-932-1273,442-83-0131
182,Micheline,Aleksandrov,maleksandrov51@nih.gov,548-571-6126,585-36-7157
183,Doll,Teek,dteek52@harvard.edu,812-127-9105,845-63-1201
184,Doy,Hellin,dhellin53@nydailynews.com,549-762-4839,649-52-2478
185,Padriac,McGeever,pmcgeever54@hud.gov,629-551-8199,734-22-9542
186,Allene,Lill,alill55@desdev.cn,720-874-0623,444-49-4776
187,Ellyn,Janson,ejanson56@squarespace.com,957-588-2302,209-52-8492
188,Gaspar,MacIlriach,gmacilriach57@geocities.com,639-528-9076,431-71-0569
189,Martguerita,Ruffy,mruffy58@studiopress.com,813-726-0434,123-73-2513
190,Sonnnie,Parcells,sparcells59@cargocollective.com,763-488-8524,883-01-3675
191,Kip,Heisham,kheisham5a@gnu.org,659-338-6437,571-29-2506
192,Kissee,Elstow,kelstow5b@opera.com,598-375-1872,315-18-7666
193,De,Collingham,dcollingham5c@ed.gov,176-245-1899,758-35-0158
194,Modestine,Rumbold,mrumbold5d@thetimes.co.uk,946-165-9831,490-40-6160
195,Aloise,Boot,aboot5e@chron.com,186-300-7902,784-12-7888
196,Leonie,Pentecust,lpentecust5f@mashable.com,807-853-9503,150-53-2389
197,Clem,Bauchop,cbauchop5g@yandex.ru,831-850-8643,264-58-6124
198,Arny,Arlet,aarlet5h@yandex.ru,863-224-9150,261-73-8491
199,Erna,McCrudden,emccrudden5i@networkadvertising.org,925-199-1120,180-59-4901
200,Lorelei,Yakhin,lyakhin5j@google.de,897-736-0669,797-65-9366
201,Raff,Wearn,rwearn5k@nifty.com,549-214-5952,646-68-7079
202,Madelene,Longcake,mlongcake5l@bbc.co.uk,575-921-2086,767-82-1167
203,Breanne,Castelain,bcastelain5m@arizona.edu,601-642-1269,690-37-9211
204,Joey,Adamsen,jadamsen5n@marketwatch.com,876-988-9387,888-51-2109
205,Noreen,Lembcke,nlembcke5o@github.com,808-650-0126,681-93-3680
206,Cammy,Scoffins,cscoffins5p@lycos.com,462-203-8993,779-88-4921
207,Boote,Kosel,bkosel5q@usatoday.com,181-799-3170,179-79-3766
208,Ike,Seiler,iseiler5r@photobucket.com,367-134-0160,741-92-9848
209,Dallis,Fatscher,dfatscher5s@ed.gov,474-179-3983,270-57-7271
210,Marijn,Sydenham,msydenham5t@ebay.com,572-792-3400,449-81-8946
211,Mignon,Cleal,mcleal5u@privacy.gov.au,108-114-8436,822-83-5738
212,Sabina,Scales,sscales5v@sitemeter.com,560-585-2918,249-08-2656
213,Zena,Somers,zsomers5w@sfgate.com,266-914-0433,227-55-1157
214,Dougy,Redemile,dredemile5x@noaa.gov,759-251-7413,430-31-1100
215,Winnie,Oxenden,woxenden5y@jalbum.net,501-907-6674,464-36-2600
216,Berkie,Thickins,bthickins5z@usnews.com,137-882-1927,775-30-5460
217,Justin,Denes,jdenes60@163.com,146-584-7007,748-53-6210
218,Bria,Wilshere,bwilshere61@cisco.com,439-672-2145,112-51-3961
219,Berk,Rein,brein62@xinhuanet.com,806-344-0509,472-19-6449
220,Nichole,Secker,nsecker63@admin.ch,654-956-7395,252-03-5287
221,Grata,Hadkins,ghadkins64@moonfruit.com,362-766-4174,851-62-9871
222,Ivan,Eickhoff,ieickhoff65@opensource.org,759-959-2133,607-31-6669
223,Nicol,Willarton,nwillarton66@marriott.com,567-253-6236,264-72-1625
224,Stirling,Killik,skillik67@princeton.edu,979-550-2427,665-86-2523
225,Marney,Wherrit,mwherrit68@latimes.com,931-814-9053,219-49-5153
226,Cordy,McCambridge,cmccambridge69@bigcartel.com,181-204-2724,238-63-3009
227,Michel,Stook,mstook6a@amazon.co.jp,767-740-7183,620-77-3394
228,Lorri,Ramirez,lramirez6b@oakley.com,846-326-6468,636-11-0628
229,Curry,Pollastro,cpollastro6c@symantec.com,742-662-0088,309-68-4857
230,Ransom,Hardaway,rhardaway6d@freewebs.com,239-547-9927,126-67-5144
231,Maynard,Urlich,murlich6e@ow.ly,756-950-9142,306-24-7272
232,Tyne,Cannam,tcannam6f@uol.com.br,730-416-3172,676-32-2002
233,Cooper,Glanders,cglanders6g@privacy.gov.au,577-701-7985,231-68-4206
234,Galen,Audiss,gaudiss6h@fema.gov,430-888-7811,130-94-0239
235,Masha,Stansfield,mstansfield6i@hibu.com,176-656-2122,617-16-8052
236,Arluene,Haisell,ahaisell6j@soundcloud.com,867-196-0239,530-36-8754
237,Gertruda,Djurisic,gdjurisic6k@macromedia.com,299-870-0995,509-86-7619
238,Linn,Cardow,lcardow6l@cornell.edu,888-662-7295,844-90-0009
239,Karlyn,Sutor,ksutor6m@reverbnation.com,376-233-2028,737-39-3862
240,Wildon,Prandin,wprandin6n@macromedia.com,348-924-4678,811-13-2423
241,Sherline,Molloy,smolloy6o@pen.io,517-478-9899,339-05-2243
242,Johnette,Bulgen,jbulgen6p@mashable.com,461-954-6658,706-29-6867
243,Genia,Robillart,grobillart6q@baidu.com,946-567-3844,535-15-5871
244,Giraud,Moody,gmoody6r@infoseek.co.jp,688-723-7646,595-47-3116
245,Lulu,Andryunin,landryunin6s@wordpress.org,631-626-9436,573-56-4165
246,Rebecka,Merrywether,rmerrywether6t@ocn.ne.jp,897-731-6117,672-65-5576
247,Massimo,Haddy,mhaddy6u@dropbox.com,837-158-7907,414-93-9058
248,Myra,Wisniewski,mwisniewski6v@omniture.com,540-893-4799,663-36-0229
249,Joyce,Comusso,jcomusso6w@cdc.gov,336-865-4105,456-47-2011
250,Gaston,Liven,gliven6x@dot.gov,122-723-6439,760-92-8983
251,Price,Pavelka,ppavelka6y@ustream.tv,443-856-1415,662-59-2236
252,Geraldine,Falconer-Taylor,gfalconertaylor6z@chronoengine.com,159-952-5848,747-56-6699
253,Dilly,Rosoman,drosoman70@fda.gov,463-925-2520,467-30-8334
254,Eadie,Peskett,epeskett71@amazon.co.jp,213-719-5886,880-27-3049
255,Annabal,Godley,agodley72@a8.net,460-351-7627,487-55-2079
256,Waylen,Labbet,wlabbet73@businesswire.com,977-376-0940,830-30-5758
257,Merrilee,Smuth,msmuth74@sun.com,303-960-8837,201-64-5676
258,Guillema,Hardington,ghardington75@ebay.co.uk,124-906-4522,389-58-2157
259,Daria,Paulus,dpaulus76@hhs.gov,569-739-6994,336-59-3207
260,Dodi,Kitman,dkitman77@who.int,540-796-5144,703-25-8987
261,Fidela,Minichi,fminichi78@ibm.com,274-385-8039,879-49-1197
262,Berry,Gaveltone,bgaveltone79@delicious.com,200-716-9508,687-71-3305
263,Goldarina,Camlin,gcamlin7a@addtoany.com,203-609-6972,813-73-3143
264,Gerik,Brimner,gbrimner7b@spiegel.de,546-179-7258,255-98-2273
265,Johanna,Fleis,jfleis7c@mediafire.com,778-362-5832,810-52-9925
266,Matthieu,Ollin,mollin7d@clickbank.net,803-702-6277,119-63-8987
267,Shaughn,Alton,salton7e@issuu.com,863-140-5536,626-60-7036
268,Joyann,Lindner,jlindner7f@constantcontact.com,390-812-1942,787-04-4491
269,Ernesto,McKoy,emckoy7g@foxnews.com,551-821-9326,468-58-5890
270,Celina,Loughman,cloughman7h@theglobeandmail.com,446-834-0934,575-03-2384
271,Chiquita,Ferrao,cferrao7i@blogs.com,303-113-0249,160-97-8061
272,Carmel,Begwell,cbegwell7j@pagesperso-orange.fr,135-848-1719,192-19-6083
273,Arin,Dundredge,adundredge7k@webmd.com,173-707-1637,822-62-5448
274,Ab,Vasin,avasin7l@salon.com,581-312-1131,678-23-7369
275,Aurel,Branson,abranson7m@stanford.edu,229-925-6547,329-11-3597
276,Eartha,Jerosch,ejerosch7n@prlog.org,233-409-1604,603-59-3701
277,Dotty,Blaszczynski,dblaszczynski7o@imageshack.us,172-306-2153,581-35-9203
278,Danita,Eick,deick7p@tripod.com,712-168-5980,199-11-6631
279,Iris,Cancutt,icancutt7q@goo.ne.jp,824-186-8974,307-39-8161
280,Kathryne,Danniell,kdanniell7r@archive.org,233-959-1648,319-46-0309
281,Rosalynd,Northridge,rnorthridge7s@posterous.com,951-321-2624,875-62-8085
282,Marv,MacKenny,mmackenny7t@amazon.com,312-988-6277,584-27-8121
283,Tulley,Seller,tseller7u@gov.uk,680-123-8334,515-94-8744
284,Alfreda,Blamphin,ablamphin7v@symantec.com,644-351-6813,649-75-5018
285,Charita,Frandsen,cfrandsen7w@freewebs.com,256-991-4316,600-39-6238
286,Daryn,Dixcee,ddixcee7x@bloglines.com,937-285-6846,269-25-2050
287,Blondelle,Shenton,bshenton7y@wordpress.org,939-618-5714,582-91-0333
288,Isadore,Tootell,itootell7z@reference.com,638-869-4375,767-22-6359
289,Kippie,Ervin,kervin80@sina.com.cn,330-649-5826,339-44-0300
290,Maritsa,Dot,mdot81@jugem.jp,505-778-9057,497-13-9688
291,Rorke,Muggeridge,rmuggeridge82@webnode.com,313-682-3904,823-68-3586
292,Raven,Ivanchenkov,rivanchenkov83@fema.gov,272-350-3275,733-78-7317
293,Neile,Oldaker,noldaker84@auda.org.au,408-141-7770,119-51-7460
294,Rolfe,Brugger,rbrugger85@cbsnews.com,214-305-6527,435-91-1504
295,Inigo,Wombwell,iwombwell86@360.cn,166-316-9782,517-50-2730
296,Darrel,McGourty,dmcgourty87@examiner.com,741-740-9747,566-26-4151
297,Court,Ollerenshaw,collerenshaw88@nasa.gov,853-404-7848,348-08-3918
298,Farra,Gammet,fgammet89@squarespace.com,521-861-2148,496-31-3211
299,Pam,Guess,pguess8a@last.fm,750-430-3911,854-43-0680
300,Rica,Durant,rdurant8b@hhs.gov,119-121-9852,884-46-3617
301,Ambrosius,Mc Elory,amcelory8c@mapquest.com,734-769-1575,546-89-3770
302,Dione,Kubczak,dkubczak8d@walmart.com,694-137-0237,493-50-4783
303,Janaya,Seville,jseville8e@intel.com,718-103-0250,579-94-2871
304,Lotty,Higginbottam,lhigginbottam8f@photobucket.com,617-695-0942,688-83-3782
305,Brandi,Ager,bager8g@google.ru,807-442-6963,272-69-5078
306,Nixie,Peverell,npeverell8h@liveinternet.ru,661-691-2143,173-57-7219
307,Raye,Abramof,rabramof8i@ezinearticles.com,854-999-2639,741-99-9500
308,Stella,Danilenko,sdanilenko8j@springer.com,717-321-5204,304-30-7633
309,Minna,Shimon,mshimon8k@sciencedaily.com,272-731-3418,463-97-9359
310,Ninetta,Tutchings,ntutchings8l@deliciousdays.com,933-423-7301,419-58-7025
311,Lorrie,Rudderham,lrudderham8m@clickbank.net,475-162-3885,287-57-3216
312,Drucy,Dufer,ddufer8n@ftc.gov,563-815-8558,525-27-0862
313,Jamesy,Aldren,jaldren8o@bing.com,752-798-3706,276-26-7499
314,Gigi,Clavey,gclavey8p@noaa.gov,159-869-8725,893-67-8208
315,Osmund,Leonida,oleonida8q@e-recht24.de,613-572-9871,631-19-0005
316,Josias,Skillen,jskillen8r@miitbeian.gov.cn,293-367-2164,565-19-9340
317,Gustie,Bordman,gbordman8s@ycombinator.com,393-375-4951,684-56-2510
318,Quinn,Dimitriou,qdimitriou8t@google.co.uk,828-767-9921,513-55-7410
319,Tomas,Dymock,tdymock8u@salon.com,444-892-7733,541-17-2131
320,Arlena,Standage,astandage8v@godaddy.com,424-128-6627,146-88-0443
321,Nina,Ouchterlony,nouchterlony8w@livejournal.com,137-181-8889,855-03-3668
322,Borg,Costellow,bcostellow8x@cmu.edu,575-915-5296,552-55-0948
323,Barton,Caccavari,bcaccavari8y@businesswire.com,544-926-9407,649-12-8072
324,Christiano,Humberstone,chumberstone8z@fda.gov,766-397-9540,483-18-9345
325,Jerrylee,McCarlich,jmccarlich90@de.vu,402-518-3462,203-16-2234
326,Berry,Gwilliam,bgwilliam91@usda.gov,985-623-4497,732-20-2539
327,Claudine,Deverick,cdeverick92@who.int,935-614-5727,812-75-5128
328,Clarissa,Sarge,csarge93@reuters.com,106-836-0831,416-71-4667
329,Cristina,Nuzzi,cnuzzi94@discovery.com,646-379-3350,782-21-8627
330,Gretna,Ofield,gofield95@java.com,491-381-0697,268-53-2602
331,Ashley,Ranyell,aranyell96@forbes.com,201-290-8232,301-24-1512
332,Marianne,Phidgin,mphidgin97@harvard.edu,545-518-7814,321-71-8088
333,Brooke,Gabrieli,bgabrieli98@wp.com,955-132-1682,828-06-8178
334,Mathilda,Silversmid,msilversmid99@yale.edu,610-464-5054,821-31-3827
335,Daven,Broader,dbroader9a@economist.com,342-164-7262,698-94-4012
336,Davon,Hedingham,dhedingham9b@fema.gov,598-582-4195,295-06-0881
337,Mandie,Clemo,mclemo9c@themeforest.net,169-977-9569,450-15-2668
338,Arley,Gillespey,agillespey9d@marketwatch.com,934-148-2680,771-18-6756
339,Cazzie,Leat,cleat9e@angelfire.com,165-215-9879,563-39-0532
340,Filide,Maddams,fmaddams9f@hatena.ne.jp,995-264-3030,422-95-0630
341,Storm,Triebner,striebner9g@ovh.net,355-555-6633,150-05-3277
342,Brooks,Heare,bheare9h@amazon.co.uk,937-903-2729,820-94-1343
343,Tucky,Iacoboni,tiacoboni9i@uol.com.br,564-277-8318,697-44-8059
344,Elvera,Simmig,esimmig9j@goo.ne.jp,275-632-4337,432-90-3851
345,Giselle,Mabbott,gmabbott9k@slate.com,715-136-7258,257-88-9946
346,Ann-marie,Dominici,adominici9l@engadget.com,166-961-0638,146-64-7378
347,Pennie,Marson,pmarson9m@chronoengine.com,321-800-9712,229-82-5943
348,Madalyn,Barkhouse,mbarkhouse9n@msn.com,580-998-3757,634-01-7298
349,Prescott,Maffezzoli,pmaffezzoli9o@go.com,506-705-6406,254-43-7903
350,Teddie,Soars,tsoars9p@cmu.edu,816-464-9561,401-02-7053
351,Marshal,Sisey,msisey9q@facebook.com,218-834-1142,692-75-7955
352,Doralynne,Foulks,dfoulks9r@wired.com,431-553-9957,821-48-4425
353,Lind,Bartlomiejczyk,lbartlomiejczyk9s@columbia.edu,648-850-8388,214-08-0612
354,Morgun,Robbins,mrobbins9t@taobao.com,209-758-9883,389-91-1817
355,Cory,Wenden,cwenden9u@goodreads.com,471-260-1369,481-97-5160
356,Francisco,Andryunin,fandryunin9v@techcrunch.com,701-280-5636,764-64-3128
357,Grantley,Cornels,gcornels9w@technorati.com,406-680-5065,234-02-0384
358,Jessie,Sallowaye,jsallowaye9x@uiuc.edu,108-288-7701,409-38-1757
359,Cliff,Ryson,cryson9y@homestead.com,464-909-6962,188-97-9567
360,Lazarus,Applegarth,lapplegarth9z@businessweek.com,516-217-6428,357-30-9225
361,Emili,Walne,ewalnea0@symantec.com,915-844-5161,692-22-0947
362,Mattie,Dashwood,mdashwooda1@timesonline.co.uk,624-197-4745,182-17-2001
363,Thomas,Swithenby,tswithenbya2@jugem.jp,928-487-8959,576-15-4103
364,Correy,Reichartz,creichartza3@time.com,267-712-6301,320-24-4021
365,Jaimie,Dawkins,jdawkinsa4@berkeley.edu,516-501-9817,558-91-3686
366,Modesta,Loudyan,mloudyana5@senate.gov,555-499-1351,511-60-8678
367,Euell,Ovill,eovilla6@ucla.edu,517-273-2660,506-20-4845
368,Ware,Gullam,wgullama7@amazon.co.jp,971-627-4271,672-16-6078
369,Derby,Troutbeck,dtroutbecka8@nps.gov,490-481-7626,351-33-8700
370,Renie,Bunton,rbuntona9@yahoo.co.jp,553-318-8071,149-43-3035
371,Kettie,Pollastro,kpollastroaa@nyu.edu,743-691-4490,510-57-7262
372,Esdras,Ahlf,eahlfab@friendfeed.com,836-720-1766,852-14-4688
373,Rakel,Pillans,rpillansac@meetup.com,221-858-2749,676-11-9393
374,Joela,Caen,jcaenad@pagesperso-orange.fr,721-151-5859,488-26-1057
375,Maggy,Griswood,mgriswoodae@nydailynews.com,440-224-9179,494-86-9130
376,Bobine,McMurdo,bmcmurdoaf@gravatar.com,529-541-4820,503-32-2872
377,Prudi,Dobrovolny,pdobrovolnyag@theglobeandmail.com,982-421-0789,803-83-4405
378,Abbe,Korneev,akorneevah@gmpg.org,253-384-6881,250-11-8689
379,Paule,Copins,pcopinsai@aol.com,244-531-0880,876-49-1111
380,Carmel,Basso,cbassoaj@jiathis.com,776-727-5370,858-02-7394
381,Lavinie,Barthram,lbarthramak@google.es,695-837-7081,671-46-6316
382,Bevon,Smallman,bsmallmanal@pinterest.com,884-367-5032,736-83-0368
383,Audrye,Odeson,aodesonam@macromedia.com,271-896-3733,283-17-9692
384,Deborah,Mollin,dmollinan@ft.com,745-631-5902,864-12-9542
385,Ellsworth,Palluschek,epalluschekao@sakura.ne.jp,655-349-7674,676-68-1038
386,Chadd,Aggiss,caggissap@amazon.co.jp,271-924-0563,255-12-4836
387,Trudy,Breslauer,tbreslaueraq@whitehouse.gov,195-451-9453,231-28-4666
388,Adrea,Adnams,aadnamsar@de.vu,679-472-2938,292-60-8197
389,Glyn,Luke,glukeas@google.it,364-409-4305,281-85-3203
390,Michaela,Covotto,mcovottoat@amazon.com,359-868-7385,659-66-4271
391,Baldwin,Jacke,bjackeau@spotify.com,767-312-7964,240-32-8908
392,Ania,McCluin,amccluinav@wix.com,265-385-3569,356-22-8178
393,Karlene,Kermott,kkermottaw@hugedomains.com,475-206-6876,874-46-3063
394,Frans,Chaffey,fchaffeyax@pcworld.com,131-232-9143,100-11-7607
395,Fannie,Riccardi,friccardiay@archive.org,591-679-7991,533-38-5821
396,Mikaela,De Vaan,mdevaanaz@berkeley.edu,915-655-2228,878-30-3960
397,Bambi,Ivanisov,bivanisovb0@bandcamp.com,765-374-5034,205-29-2796
398,Hildegarde,Callcott,hcallcottb1@google.co.jp,158-838-7205,633-55-9316
399,Cleo,Going,cgoingb2@com.com,875-532-9849,538-97-6895
400,Brian,Vido,bvidob3@latimes.com,612-466-2684,787-66-0012
401,Melba,Arch,marchb4@plala.or.jp,932-612-9470,823-66-0029
402,Moe,Rawlison,mrawlisonb5@ezinearticles.com,763-737-9257,228-22-5614
403,Elisha,Stiegars,estiegarsb6@liveinternet.ru,552-990-5268,688-57-3544
404,Gay,Porcas,gporcasb7@deviantart.com,319-147-5012,182-64-8512
405,Brandie,Ghent,bghentb8@webnode.com,545-140-4412,657-80-1909
406,Oona,Roycraft,oroycraftb9@opera.com,877-554-6437,267-01-7916
407,Ronica,Scain,rscainba@washingtonpost.com,824-193-0799,710-81-1656
408,Elton,Accombe,eaccombebb@nature.com,210-622-8183,153-75-4862
409,Mellicent,Fladgate,mfladgatebc@goo.gl,901-505-3260,594-54-4617
410,Crysta,Quillinane,cquillinanebd@youtu.be,578-563-7180,734-16-7640
411,Vasili,Filippo,vfilippobe@sphinn.com,656-943-5138,674-30-7037
412,Dalenna,Rudram,drudrambf@usnews.com,895-324-1664,310-97-2963
413,Jennette,Worsnop,jworsnopbg@howstuffworks.com,570-443-1552,834-86-1295
414,Bride,Challener,bchallenerbh@ameblo.jp,617-495-1771,133-80-9465
415,Sibby,Bamford,sbamfordbi@liveinternet.ru,320-385-8231,632-87-5882
416,Arch,McTeer,amcteerbj@freewebs.com,364-888-4586,254-81-8087
417,Rebecca,Downs,rdownsbk@google.pl,288-166-4186,823-23-8170
418,Ellary,Bakes,ebakesbl@phpbb.com,507-231-8995,135-88-4809
419,Leyla,McElhinney,lmcelhinneybm@prlog.org,583-160-8607,517-76-9652
420,Federica,O'Keaveny,fokeavenybn@bizjournals.com,239-292-2176,819-97-2511
421,Trent,Grahlmans,tgrahlmansbo@nationalgeographic.com,626-200-2390,360-84-9685
422,Fabio,Daish,fdaishbp@geocities.jp,912-179-8346,855-88-9943
423,Ashli,Hamsson,ahamssonbq@nyu.edu,962-333-9530,844-50-7091
424,Drusy,Kirvell,dkirvellbr@joomla.org,790-262-9841,187-04-1978
425,Berkly,Gluyas,bgluyasbs@cafepress.com,853-828-4301,255-74-2482
426,Garth,Crook,gcrookbt@aol.com,919-490-2508,711-59-9393
427,Pattie,Breacher,pbreacherbu@blogger.com,767-498-8872,151-25-9005
428,Joachim,Moakes,jmoakesbv@springer.com,382-897-4642,173-37-6485
429,Gan,Simenot,gsimenotbw@netscape.com,503-157-1986,410-43-4106
430,Gris,Capinetti,gcapinettibx@icio.us,572-216-3008,804-72-3312
431,Jeanna,Blackley,jblackleyby@fastcompany.com,860-934-4752,369-25-6639
432,Car,Prettyman,cprettymanbz@cafepress.com,278-349-7012,316-54-9149
433,Emmalee,Ciotto,eciottoc0@webs.com,526-192-3502,277-95-6623
434,Tildy,Laughren,tlaughrenc1@ovh.net,257-522-6877,316-79-5097
435,Ashlee,McKue,amckuec2@washington.edu,177-317-8351,736-02-5358
436,Marrissa,Glander,mglanderc3@google.com.br,257-814-9383,416-42-7855
437,Bianka,Stanyer,bstanyerc4@nps.gov,502-792-9612,191-31-6815
438,Devin,MacColgan,dmaccolganc5@bizjournals.com,395-912-6566,285-64-8061
439,Jasper,Turpey,jturpeyc6@forbes.com,119-903-6783,782-74-6628
440,Lukas,McKinn,lmckinnc7@stanford.edu,171-461-0091,710-49-7148
441,Wilt,Scrigmour,wscrigmourc8@utexas.edu,314-616-3405,131-53-1286
442,Harwell,Ledgerton,hledgertonc9@utexas.edu,639-831-8315,780-96-8838
443,Amberly,de Courcy,adecourcyca@statcounter.com,181-823-8502,454-59-1125
444,Ancell,MacTrustey,amactrusteycb@cbslocal.com,409-320-4859,824-51-2490
445,Bili,Finnigan,bfinnigancc@wikipedia.org,331-950-2717,321-12-5474
446,Karola,Cunnington,kcunningtoncd@ask.com,882-644-1645,616-98-5890
447,Demeter,Lehenmann,dlehenmannce@youku.com,220-641-3191,721-93-0402
448,Mollie,Tyt,mtytcf@indiegogo.com,671-961-5742,333-42-0572
449,Chelsy,Amthor,camthorcg@archive.org,843-691-9050,883-51-6405
450,Pepito,Aldritt,paldrittch@netlog.com,411-436-5255,451-71-1853
451,Janene,Barbie,jbarbieci@ted.com,236-935-5639,261-14-1029
452,Krystyna,Restill,krestillcj@digg.com,175-721-3492,145-54-2419
453,Janetta,Trusdale,jtrusdaleck@eepurl.com,296-963-1561,467-73-4885
454,Rianon,Jakov,rjakovcl@ca.gov,525-371-6135,281-88-5130
455,Carilyn,Rosenkrantz,crosenkrantzcm@soundcloud.com,903-649-8773,830-66-1293
456,Andras,Halegarth,ahalegarthcn@google.co.uk,294-793-2465,439-81-7237
457,Elvyn,Shitliff,eshitliffco@smh.com.au,613-263-6128,876-18-5106
458,Asa,Rohmer,arohmercp@mac.com,871-603-7439,602-54-3068
459,Chaunce,Physic,cphysiccq@google.com.br,408-761-8063,571-63-8723
460,Jerrie,Hincham,jhinchamcr@xing.com,994-511-7469,354-20-9171
461,Drucy,Zotto,dzottocs@buzzfeed.com,367-803-0095,293-24-1686
462,Munmro,Bullant,mbullantct@auda.org.au,161-752-6410,432-10-2269
463,Mikol,Iseton,misetoncu@sciencedaily.com,363-550-4993,282-19-4036
464,Birch,Varfolomeev,bvarfolomeevcv@yolasite.com,209-167-5291,360-29-9932
465,Mommy,Stedson,mstedsoncw@amazon.co.jp,261-361-4746,433-10-6408
466,Reiko,Aleveque,ralevequecx@seattletimes.com,371-976-6353,737-99-3459
467,Letitia,Trees,ltreescy@wikipedia.org,730-417-9870,131-62-0551
468,Felix,Richen,frichencz@dropbox.com,227-817-6563,525-23-3068
469,Nevsa,Menichini,nmenichinid0@oracle.com,143-655-0731,754-05-5993
470,Lammond,Oldred,loldredd1@squarespace.com,723-555-2374,375-26-8392
471,Edna,Swainger,eswaingerd2@nationalgeographic.com,332-451-2519,119-85-9647
472,Robinetta,Geke,rgeked3@independent.co.uk,268-157-5313,817-57-7725
473,Kamila,Jobey,kjobeyd4@shop-pro.jp,137-497-3233,205-01-0386
474,Kary,Cracknell,kcracknelld5@imgur.com,610-490-8155,261-79-5536
475,Catherina,Rubinowitz,crubinowitzd6@economist.com,981-913-3470,306-01-4182
476,Jenna,Beddingham,jbeddinghamd7@latimes.com,143-900-1212,628-65-6151
477,Keslie,Hakeworth,khakeworthd8@photobucket.com,797-527-4529,135-76-6256
478,Abigale,Thunderman,athundermand9@hud.gov,256-721-6687,617-31-2004
479,Eryn,Iffland,eifflandda@domainmarket.com,766-763-5260,897-06-0185
480,Richart,Iveson,rivesondb@altervista.org,213-498-9350,489-57-5119
481,Henrik,Leehane,hleehanedc@ftc.gov,904-907-7004,128-55-9367
482,Kassandra,Seabrooke,kseabrookedd@gizmodo.com,368-550-0459,857-29-8156
483,Cathrin,Pegden,cpegdende@chron.com,192-512-6609,450-46-1226
484,Bran,Sapseed,bsapseeddf@tamu.edu,539-186-0122,801-95-9891
485,Darryl,Fishe,dfishedg@ehow.com,440-878-9063,458-66-1732
486,Nathanial,Biesinger,nbiesingerdh@economist.com,439-284-3203,146-17-4408
487,Karon,Baldetti,kbaldettidi@theguardian.com,979-426-8039,366-74-4855
488,Orsola,Spykings,ospykingsdj@theguardian.com,500-260-2701,694-49-5008
489,Evy,Beincken,ebeinckendk@nytimes.com,427-975-8958,895-33-2728
490,Haroun,Capponer,hcapponerdl@fc2.com,409-185-1687,604-67-5154
491,Maximilianus,Mereweather,mmereweatherdm@uol.com.br,360-566-0788,224-61-4320
492,Leif,Headington,lheadingtondn@virginia.edu,588-316-9575,128-73-0397
493,Bunny,Braunroth,bbraunrothdo@hud.gov,349-300-5725,593-28-2104
494,Raul,Darton,rdartondp@psu.edu,539-300-6665,751-01-9241
495,Tedmund,Ankrett,tankrettdq@auda.org.au,703-638-8403,313-42-2231
496,Neddie,Hrinishin,nhrinishindr@unblog.fr,915-804-3198,816-05-7225
497,Palmer,Prati,ppratids@xrea.com,295-510-9071,185-19-3054
498,Brana,Pacheco,bpachecodt@cdc.gov,388-804-3726,365-11-9937
499,Della,Dottrell,ddottrelldu@squarespace.com,276-885-7122,517-77-6513
500,Eirena,Eshmade,eeshmadedv@google.com.hk,442-964-2046,237-25-7479
501,Gabriel,Mapson,gmapsondw@infoseek.co.jp,547-685-8785,248-21-4562
502,Nari,Devon,ndevondx@ucoz.ru,743-816-5451,410-32-2569
503,Samuel,Holde,sholdedy@mit.edu,114-666-9635,559-98-3841
504,Colet,Pimerick,cpimerickdz@soup.io,320-342-2227,778-74-8354
505,Susana,Comelini,scomelinie0@microsoft.com,981-344-2724,389-86-5443
506,Prent,Chilvers,pchilverse1@networksolutions.com,499-501-9459,788-30-1364
507,Gwenneth,Juckes,gjuckese2@constantcontact.com,120-982-5789,800-82-1691
508,Roxi,Hessenthaler,rhessenthalere3@behance.net,174-816-1006,155-97-6425
509,Dame,Klassmann,dklassmanne4@ucoz.ru,443-510-3000,567-08-3011
510,Meagan,Grenfell,mgrenfelle5@sohu.com,432-424-7397,581-62-3504
511,Lilith,Rattenbury,lrattenburye6@walmart.com,680-527-6974,473-92-0048
512,Stacy,Schistl,sschistle7@aol.com,972-284-3639,350-82-0767
513,Danika,Tommasi,dtommasie8@issuu.com,715-108-5574,782-94-6719
514,Marcille,Francom,mfrancome9@narod.ru,479-376-5298,353-68-6563
515,Rickert,Dowyer,rdowyerea@goo.gl,902-227-4050,459-22-5949
516,Geno,Halpine,ghalpineeb@twitter.com,423-623-6635,573-51-3015
517,Elicia,Widdison,ewiddisonec@infoseek.co.jp,447-736-5517,712-61-8428
518,Ros,Mallows,rmallowsed@imageshack.us,516-850-3020,675-71-1896
519,Hyacinthie,Edgington,hedgingtonee@shutterfly.com,810-682-5684,401-36-0982
520,Lynnette,Issitt,lissittef@chronoengine.com,675-515-9804,629-98-2272
521,Perry,Andell,pandelleg@state.gov,176-981-2227,286-65-2460
522,Mattie,Haydon,mhaydoneh@redcross.org,216-638-9639,193-79-5817
523,Richard,Domenc,rdomencei@psu.edu,623-116-1845,507-38-0844
524,Boothe,De Vaan,bdevaanej@nationalgeographic.com,345-674-5479,483-32-1688
525,Tabbatha,Butters,tbuttersek@alibaba.com,224-725-5483,889-85-1384
526,Tonia,Juett,tjuettel@t-online.de,383-764-2065,280-45-4267
527,Aryn,Boydell,aboydellem@smh.com.au,544-929-0123,299-79-6506
528,Arlena,Oleszkiewicz,aoleszkiewiczen@mozilla.org,174-497-1941,354-76-4007
529,Scarlett,Eskell,seskelleo@wp.com,661-641-2403,820-14-6644
530,Guillaume,Diviney,gdivineyep@blogspot.com,650-408-9005,726-26-1031
531,Myrtle,Hansill,mhansilleq@discovery.com,544-735-3684,588-06-2076
532,Emeline,Devaney,edevaneyer@mashable.com,421-235-4288,360-77-5293
533,Maighdiln,Rathke,mrathkees@alexa.com,572-287-9653,515-86-2512
534,Modesta,Zollner,mzollneret@xrea.com,205-367-9555,224-27-0702
535,Elizabet,Crosetto,ecrosettoeu@diigo.com,883-606-5030,211-70-9897
536,Barnett,Mc Giffin,bmcgiffinev@wsj.com,555-633-5463,802-27-4825
537,Pernell,Bricket,pbricketew@umn.edu,503-193-8822,499-33-2948
538,Marybeth,Alejandre,malejandreex@amazon.com,692-655-2788,822-86-0961
539,Daniella,Charnley,dcharnleyey@whitehouse.gov,107-655-7777,148-94-2337
540,Mareah,Blakeley,mblakeleyez@liveinternet.ru,935-289-4180,505-80-7140
541,Gertrud,Kaman,gkamanf0@oaic.gov.au,520-303-9850,654-41-2721
542,Moshe,Feldberg,mfeldbergf1@goo.ne.jp,128-897-2174,528-70-0635
543,Caprice,Nortcliffe,cnortcliffef2@vinaora.com,318-798-3905,616-18-4756
544,Yard,Kemitt,ykemittf3@wikia.com,567-253-7144,809-32-9875
545,Reeva,Kemet,rkemetf4@archive.org,346-674-9694,360-20-6307
546,Dacia,Yegorev,dyegorevf5@live.com,478-115-1907,601-72-5011
547,Russell,Bateman,rbatemanf6@slate.com,388-312-8259,527-95-2984
548,Ramonda,Bettaney,rbettaneyf7@bluehost.com,380-105-9301,307-34-5062
549,Glennis,Danit,gdanitf8@amazon.co.uk,287-808-6997,124-22-5926
550,Bartram,Fernant,bfernantf9@stanford.edu,250-654-8204,486-02-9329
551,Hi,Willets,hwilletsfa@cornell.edu,846-443-0370,622-35-6491
552,Max,Baillie,mbailliefb@admin.ch,501-659-7281,891-33-1922
553,Jerri,Chmarny,jchmarnyfc@woothemes.com,550-440-1111,476-56-9948
554,Harlie,Purrier,hpurrierfd@vinaora.com,598-189-9827,842-91-4153
555,Thomasin,Adshede,tadshedefe@purevolume.com,510-210-2844,568-01-8063
556,Stevana,Rockall,srockallff@yahoo.com,763-511-6079,559-06-2454
557,Bay,Speake,bspeakefg@microsoft.com,233-330-0699,784-73-5975
558,Melonie,Maypowder,mmaypowderfh@google.com.br,120-662-5308,746-96-1912
559,Baryram,Chaim,bchaimfi@miibeian.gov.cn,292-438-1803,198-13-4284
560,Karine,Board,kboardfj@hubpages.com,579-685-0046,606-81-9706
561,Faydra,Kubista,fkubistafk@wired.com,926-134-4507,678-83-6058
562,Ester,Leibold,eleiboldfl@kickstarter.com,117-814-1807,445-18-0343
563,Cthrine,Jozwicki,cjozwickifm@google.de,573-841-3910,404-52-0031
564,Nonie,Davis,ndavisfn@blogspot.com,207-143-0802,783-23-9497
565,Giustino,Lidgerton,glidgertonfo@narod.ru,101-189-5191,871-44-4433
566,Jobi,Antham,janthamfp@php.net,123-872-5444,853-87-8381
567,Roslyn,Graveston,rgravestonfq@google.com,768-990-2886,544-95-7599
568,Corissa,Picknett,cpicknettfr@taobao.com,520-265-4637,165-31-6174
569,Karine,Cush,kcushfs@blogtalkradio.com,315-995-5010,888-82-3293
570,Rhona,Durno,rdurnoft@jigsy.com,882-649-2754,169-02-1617
571,Patricia,MacNeilage,pmacneilagefu@reuters.com,398-351-2462,637-04-8210
572,Melisent,Stenning,mstenningfv@mysql.com,141-464-5522,494-42-1792
573,Baudoin,Litzmann,blitzmannfw@bigcartel.com,103-318-4867,327-14-3525
574,Yolane,Bovey,yboveyfx@vk.com,395-264-7406,406-38-3194
575,Desmond,Heaphy,dheaphyfy@blinklist.com,342-271-8891,612-51-1434
576,Adham,Gotter,agotterfz@noaa.gov,968-602-9987,389-48-3917
577,Thia,Aird,tairdg0@github.com,220-715-8868,887-98-2154
578,Nelie,Ewen,neweng1@smugmug.com,246-974-0874,171-17-0606
579,Skell,Wogdon,swogdong2@walmart.com,479-837-0318,255-84-9240
580,Sutton,McSorley,smcsorleyg3@dion.ne.jp,533-136-9151,349-13-8666
581,Berty,Minshall,bminshallg4@pen.io,475-708-8440,142-51-2707
582,Gui,Lockhead,glockheadg5@yolasite.com,191-301-7786,544-73-8083
583,Deonne,Llewelyn,dllewelyng6@dagondesign.com,623-717-3660,124-72-9725
584,Hastings,Carstairs,hcarstairsg7@cyberchimps.com,412-357-0121,208-81-3249
585,Sherman,Crew,screwg8@odnoklassniki.ru,744-745-7757,412-93-5239
586,Gabriela,Iveans,giveansg9@rediff.com,754-634-5003,502-10-9040
587,Sergent,Snellman,ssnellmanga@discovery.com,443-955-3094,882-68-9160
588,Darwin,Blinman,dblinmangb@hostgator.com,762-277-7441,601-08-0356
589,Parnell,Rheubottom,prheubottomgc@ed.gov,344-687-3887,577-18-2054
590,Moina,Matusovsky,mmatusovskygd@miitbeian.gov.cn,590-996-8099,864-24-7349
591,Bekki,Lampart,blampartge@rediff.com,430-787-3188,659-07-3926
592,Selene,Tixall,stixallgf@archive.org,534-385-0831,577-37-9442
593,Judye,Elner,jelnergg@yandex.ru,533-602-2654,668-77-5339
594,Farley,Waggatt,fwaggattgh@t.co,555-982-5401,668-53-4956
595,Anna-diane,Pugh,apughgi@usatoday.com,731-679-7574,282-84-1915
596,Shena,Metzel,smetzelgj@edublogs.org,449-971-4595,584-60-7982
597,Emelda,Pirrone,epirronegk@amazon.de,951-156-8503,851-31-5709
598,Maurise,Olivera,moliveragl@cnet.com,491-644-3855,341-33-5109
599,Keelia,Swales,kswalesgm@salon.com,774-758-9404,811-89-6968
600,Benny,Heller,bhellergn@goo.ne.jp,285-418-4631,427-25-0187
601,Guss,Umfrey,gumfreygo@ucla.edu,502-884-0210,566-19-2833
602,Stesha,Dumphreys,sdumphreysgp@twitpic.com,773-324-6550,423-56-0697
603,Shane,Mothersdale,smothersdalegq@is.gd,100-409-6867,540-30-3735
604,Valentin,Weond,vweondgr@washingtonpost.com,399-582-9499,238-79-0715
605,Gerard,Baldacco,gbaldaccogs@netvibes.com,255-725-3601,611-03-1720
606,Mischa,Kubista,mkubistagt@businesswire.com,856-794-4131,560-61-6135
607,Marilee,Marrion,mmarriongu@a8.net,675-458-0340,790-96-4506
608,Urban,Lideard,ulideardgv@unesco.org,625-594-6754,259-60-5671
609,Gill,Tregust,gtregustgw@acquirethisname.com,503-151-6632,464-41-2755
610,Carlin,Dorro,cdorrogx@amazon.de,699-548-1613,573-14-0742
611,Nola,Tolefree,ntolefreegy@wikia.com,390-436-4886,460-49-7508
612,Tedd,Westman,twestmangz@clickbank.net,959-238-2068,320-98-0395
613,Jo-anne,Crother,jcrotherh0@ihg.com,485-210-7488,568-24-4096
614,Vere,Ramsdell,vramsdellh1@infoseek.co.jp,242-830-6969,536-05-2143
615,Gerladina,Davydenko,gdavydenkoh2@hugedomains.com,881-762-0063,323-27-2771
616,Moina,Dibb,mdibbh3@etsy.com,242-862-1697,625-61-9788
617,Michaela,Downer,mdownerh4@privacy.gov.au,935-958-9801,165-65-8908
618,Dre,Breit,dbreith5@nih.gov,568-756-4000,548-86-7992
619,Lottie,McAuslan,lmcauslanh6@miibeian.gov.cn,179-735-7229,664-02-3918
620,Willabella,Albury,walburyh7@marketwatch.com,113-196-0535,818-16-3177
621,Zebulon,O'Halleghane,zohalleghaneh8@people.com.cn,493-101-1445,651-74-6156
622,Rickey,Dilloway,rdillowayh9@parallels.com,343-908-5028,821-74-7054
623,Tam,Kirkland,tkirklandha@xrea.com,506-126-0282,292-75-3170
624,Ruthi,Klaiser,rklaiserhb@furl.net,282-634-2232,822-60-0508
625,Clarette,Lehrer,clehrerhc@netlog.com,861-813-3949,489-66-6491
626,Avril,Brauns,abraunshd@skype.com,204-452-1593,460-87-8724
627,Addy,Ashbrook,aashbrookhe@facebook.com,607-899-5844,440-13-6511
628,Langston,Rosenstein,lrosensteinhf@soup.io,773-850-5807,693-03-6131
629,Eugenia,Fardo,efardohg@merriam-webster.com,869-286-1558,247-26-6084
630,Marjorie,Briers,mbriershh@smh.com.au,152-434-2664,528-69-9797
631,Marius,Storah,mstorahhi@auda.org.au,296-636-2206,412-43-0518
632,Nerita,Ausello,nausellohj@i2i.jp,164-185-9624,331-42-8465
633,Sayre,Chittem,schittemhk@indiatimes.com,244-819-8139,528-99-0281
634,Merna,Bartlett,mbartletthl@imdb.com,383-118-6756,823-48-6345
635,Ive,Sabate,isabatehm@bloglines.com,697-791-4461,735-11-4726
636,Corby,Rawson,crawsonhn@disqus.com,786-725-4147,543-24-6510
637,Launce,Branchflower,lbranchflowerho@state.tx.us,502-229-7026,499-45-1065
638,Michal,Borsnall,mborsnallhp@ca.gov,924-601-3899,324-61-7073
639,Editha,Shurlock,eshurlockhq@indiegogo.com,579-657-6395,176-25-9698
640,Maximo,Niset,mnisethr@dmoz.org,250-397-1732,358-37-1902
641,Bari,Lapidus,blapidushs@gizmodo.com,586-843-3883,441-04-9954
642,Granny,Jotcham,gjotchamht@redcross.org,776-562-2319,271-90-2909
643,Isidoro,Barbe,ibarbehu@webs.com,156-748-2649,470-09-7947
644,Malanie,Mayoral,mmayoralhv@vimeo.com,681-756-2753,203-54-4647
645,Farr,Varlow,fvarlowhw@elegantthemes.com,349-891-4912,153-12-7739
646,Anderson,Jagielski,ajagielskihx@ustream.tv,916-519-4138,247-27-2420
647,Ian,Muzzi,imuzzihy@google.com.br,712-279-2710,552-69-5203
648,Ileane,Curton,icurtonhz@g.co,338-949-8459,530-95-3090
649,Kerwin,Cranch,kcranchi0@dailymotion.com,195-320-8095,809-91-0946
650,Kylie,Jaeggi,kjaeggii1@yahoo.co.jp,807-323-8002,493-51-8571
651,Norah,MacCollom,nmaccollomi2@amazon.de,551-112-5415,530-97-5220
652,Brennen,Knocker,bknockeri3@nifty.com,847-456-0539,327-98-1038
653,Rahal,Stancliffe,rstancliffei4@cargocollective.com,139-946-5990,802-35-5782
654,Tabbie,Lorking,tlorkingi5@so-net.ne.jp,528-596-6314,541-80-5827
655,Laughton,McGuckin,lmcguckini6@guardian.co.uk,317-524-5569,739-48-9373
656,Erek,Kilpatrick,ekilpatricki7@pen.io,241-410-1041,234-69-0524
657,Stephie,Lehrmann,slehrmanni8@moonfruit.com,738-484-8902,365-49-3742
658,Hy,Plampeyn,hplampeyni9@auda.org.au,849-656-0882,458-52-0253
659,Alberta,Shenton,ashentonia@blogger.com,103-234-0031,889-82-4145
660,Templeton,Lapish,tlapishib@simplemachines.org,732-107-6316,293-56-6166
661,Sherry,de Guerre,sdeguerreic@dion.ne.jp,892-548-5007,422-08-0604
662,Cullan,Roke,crokeid@loc.gov,186-613-1219,160-43-0473
663,Terrye,Casford,tcasfordie@gizmodo.com,998-743-5166,147-32-1957
664,Constantina,Steiner,csteinerif@ezinearticles.com,699-122-7016,777-25-7996
665,Carver,Gidney,cgidneyig@lycos.com,369-436-7121,518-41-8298
666,Isador,Abramov,iabramovih@nature.com,362-951-9294,252-66-3933
667,Vic,Rookwell,vrookwellii@mozilla.org,766-785-1764,411-95-0465
668,Billy,Sivewright,bsivewrightij@skyrock.com,327-301-9316,769-04-3674
669,Danya,Shovlar,dshovlarik@kickstarter.com,620-521-8425,506-36-3732
670,Coletta,Onele,coneleil@webmd.com,407-709-7413,184-53-1625
671,Chucho,Paffett,cpaffettim@odnoklassniki.ru,466-139-6985,592-38-7377
672,Quinton,Santori,qsantoriin@blinklist.com,981-608-4641,467-59-5852
673,Risa,Perago,rperagoio@seattletimes.com,229-192-5837,190-24-9048
674,Kalinda,Traite,ktraiteip@guardian.co.uk,336-519-8660,663-03-3511
675,Germaine,Daal,gdaaliq@arstechnica.com,577-993-7232,315-75-0348
676,Filberto,Bliven,fblivenir@tinypic.com,769-863-5093,658-96-5577
677,Kasey,Serrier,kserrieris@japanpost.jp,315-627-4068,577-38-7751
678,Gabbi,Wilkie,gwilkieit@cnbc.com,451-257-8746,437-38-4364
679,Nelly,Asp,naspiu@hexun.com,666-552-3748,167-15-6278
680,Cirillo,Wrench,cwrenchiv@ebay.com,628-696-2533,673-48-4863
681,Teodoro,Revely,trevelyiw@cbc.ca,309-634-1114,346-30-1271
682,Daisey,O'Hagan,dohaganix@wufoo.com,382-450-2007,425-83-3338
683,Codee,Vedenyapin,cvedenyapiniy@unesco.org,394-305-9134,409-88-8495
684,Karlotta,Wishkar,kwishkariz@army.mil,598-528-9016,740-11-3310
685,Ilka,Shapland,ishaplandj0@elegantthemes.com,649-704-8754,109-77-2098
686,Nicolle,MacAndreis,nmacandreisj1@moonfruit.com,891-249-6132,439-76-5050
687,Dan,Redgrave,dredgravej2@zdnet.com,164-536-8503,498-92-3634
688,Dewie,Swainson,dswainsonj3@lulu.com,502-370-9975,863-34-3217
689,Sile,Beningfield,sbeningfieldj4@4shared.com,954-114-6308,703-68-9960
690,Adella,Goning,agoningj5@jalbum.net,100-114-8183,233-22-6541
691,Quinta,Hallgarth,qhallgarthj6@clickbank.net,217-871-7628,597-22-1036
692,Deonne,Flather,dflatherj7@yahoo.co.jp,897-137-7724,573-54-3028
693,Dallas,Fright,dfrightj8@howstuffworks.com,682-748-3562,172-38-1315
694,Bradley,Dusey,bduseyj9@1und1.de,405-489-2397,758-47-9952
695,Dannie,Ratchford,dratchfordja@si.edu,181-341-2591,899-65-2347
696,Stuart,Wadesworth,swadesworthjb@unicef.org,724-741-2539,745-77-5613
697,Babb,Whyte,bwhytejc@columbia.edu,585-677-5520,874-24-5564
698,Malcolm,McLeoid,mmcleoidjd@java.com,366-320-5949,512-98-6908
699,Beulah,Croom,bcroomje@studiopress.com,941-968-8557,593-35-1043
700,Ingram,Gierok,igierokjf@ehow.com,923-840-2673,568-65-3292
701,Netty,Barabisch,nbarabischjg@shinystat.com,902-916-0013,627-56-4250
702,Kelila,Brimner,kbrimnerjh@sbwire.com,388-963-5708,272-82-6059
703,Kathe,Gullam,kgullamji@photobucket.com,104-375-1494,408-74-3523
704,Emili,Carhart,ecarhartjj@taobao.com,267-100-0362,115-09-9321
705,Andria,Alderman,aaldermanjk@ftc.gov,415-409-2368,765-33-6699
706,Florance,Laviste,flavistejl@cafepress.com,591-929-8813,108-26-8232
707,Anthea,Klossmann,aklossmannjm@unc.edu,102-939-4470,654-80-2851
708,Torie,Densham,tdenshamjn@free.fr,199-372-3310,424-63-2663
709,Rourke,Armin,rarminjo@issuu.com,453-158-1646,302-08-4124
710,Angelia,Spry,aspryjp@wordpress.com,735-622-6360,800-50-7126
711,Garrik,Goring,ggoringjq@hexun.com,577-976-8288,311-61-1715
712,Janetta,Elkin,jelkinjr@slashdot.org,776-264-1588,191-51-4981
713,Nevile,Guage,nguagejs@multiply.com,374-711-7053,282-47-7071
714,Den,Osipov,dosipovjt@storify.com,473-575-5898,801-88-7858
715,Harriette,Undy,hundyju@mac.com,864-932-0677,459-49-2128
716,Woody,Sellstrom,wsellstromjv@moonfruit.com,138-668-3084,366-74-8829
717,Burk,Valens-Smith,bvalenssmithjw@topsy.com,368-299-3905,437-21-1275
718,Silas,Stealy,sstealyjx@redcross.org,821-490-5052,426-42-4586
719,John,Rolin,jrolinjy@nationalgeographic.com,847-803-7986,315-78-2577
720,Sol,Paragreen,sparagreenjz@boston.com,624-829-5886,150-98-6341
721,Cordi,Shemwell,cshemwellk0@mozilla.com,636-539-6370,118-52-7572
722,Barbra,Padden,bpaddenk1@photobucket.com,146-182-0594,624-76-1054
723,Silas,Jeanenet,sjeanenetk2@ed.gov,763-667-8203,779-65-8086
724,Ayn,Lidyard,alidyardk3@naver.com,422-525-7797,651-10-5708
725,Zachery,Torbett,ztorbettk4@live.com,868-234-5263,540-42-7381
726,Orelle,Glozman,oglozmank5@netlog.com,781-266-3390,235-41-2168
727,Paul,Ham,phamk6@bloglines.com,417-752-3433,354-29-2825
728,Tuck,Littlepage,tlittlepagek7@liveinternet.ru,993-426-8626,676-04-4608
729,Charmaine,Shedd,csheddk8@github.io,946-974-6325,721-22-2870
730,Zea,Batterbee,zbatterbeek9@tuttocitta.it,507-543-9002,268-47-4471
731,Ardella,Udey,audeyka@noaa.gov,916-332-2123,518-54-5477
732,Rochell,Rowlstone,rrowlstonekb@flickr.com,567-374-9724,686-83-0804
733,Eryn,Adam,eadamkc@google.co.uk,336-473-3371,458-22-0627
734,Anabella,Simonnot,asimonnotkd@timesonline.co.uk,132-909-7777,547-85-3799
735,Claribel,Tarr,ctarrke@imageshack.us,803-431-2367,217-66-5986
736,Thane,Tilne,ttilnekf@nba.com,665-985-1600,412-50-5232
737,Ester,Jahan,ejahankg@loc.gov,275-131-0561,498-12-7898
738,Martica,Bott,mbottkh@rakuten.co.jp,612-551-9437,767-54-8480
739,Rhoda,Trosdall,rtrosdallki@redcross.org,328-861-8450,661-13-0730
740,Garrett,Pentercost,gpentercostkj@google.com.au,397-642-7461,635-80-0880
741,Wanda,De Malchar,wdemalcharkk@businesswire.com,991-878-0976,650-78-5381
742,Yelena,Beceril,ybecerilkl@merriam-webster.com,713-838-1136,633-14-2313
743,Tildi,Giraudy,tgiraudykm@house.gov,645-370-4856,792-63-1922
744,Suellen,Bukowski,sbukowskikn@foxnews.com,103-973-2464,512-01-3205
745,Mendel,Baszkiewicz,mbaszkiewiczko@4shared.com,994-992-4313,495-18-6741
746,Roseann,Grigorkin,rgrigorkinkp@lulu.com,343-693-0727,543-74-2170
747,Cathyleen,Daniell,cdaniellkq@stanford.edu,251-195-2291,333-77-7867
748,Dacie,Dadds,ddaddskr@gmpg.org,968-319-4440,868-32-0174
749,Liana,Bome,lbomeks@washingtonpost.com,977-202-7695,662-89-4027
750,Peta,Rubinovici,prubinovicikt@gov.uk,269-514-0045,755-40-9571
751,Tyrus,Follit,tfollitku@google.cn,951-252-2006,785-77-5904
752,Cristina,Waggett,cwaggettkv@unesco.org,579-988-7819,150-36-0603
753,Sorcha,Defond,sdefondkw@google.com.br,576-264-8934,287-88-4078
754,Stanfield,Readman,sreadmankx@alibaba.com,999-297-1905,145-56-4033
755,Zilvia,Hastings,zhastingsky@reuters.com,116-345-0156,757-48-2718
756,Allin,Lovat,alovatkz@nasa.gov,303-789-1137,295-97-9164
757,Connor,Saur,csaurl0@fema.gov,644-489-4586,515-52-8273
758,Quentin,Dower,qdowerl1@google.co.uk,995-730-4055,321-19-9589
759,Nickey,Cherrington,ncherringtonl2@ask.com,665-445-4492,202-03-3279
760,Alix,Avramchik,aavramchikl3@businessinsider.com,371-340-0383,863-28-9918
761,Elfrieda,Noir,enoirl4@istockphoto.com,249-900-1265,141-93-7626
762,Theda,Jacobbe,tjacobbel5@mysql.com,891-675-4582,326-54-3534
763,Emogene,O'Hanley,eohanleyl6@slate.com,522-664-8107,442-42-3694
764,Dotti,Tebbit,dtebbitl7@wufoo.com,212-803-3016,539-45-8686
765,Merline,Landrieu,mlandrieul8@hubpages.com,722-603-4772,335-81-4133
766,Roana,Skaife d'Ingerthorpe,rskaifedingerthorpel9@un.org,839-985-2105,160-74-0675
767,Darryl,Crannage,dcrannagela@linkedin.com,187-954-0085,439-60-9435
768,Briano,Kirsz,bkirszlb@edublogs.org,216-974-7998,704-46-4514
769,Abby,Rippen,arippenlc@scientificamerican.com,827-705-8083,220-65-5222
770,Laurie,Kamall,lkamallld@craigslist.org,111-431-3472,260-61-4565
771,Knox,Gerrie,kgerriele@ft.com,582-833-2006,197-41-0060
772,Molli,Ricciardi,mricciardilf@admin.ch,900-614-7447,851-30-3558
773,Mildrid,Trethewey,mtretheweylg@kickstarter.com,335-710-0923,401-67-1736
774,Mellie,Napier,mnapierlh@prlog.org,930-810-7446,747-10-8605
775,Arlette,Berthot,aberthotli@sohu.com,461-121-4188,453-41-9159
776,Marijn,Longstreeth,mlongstreethlj@amazon.co.uk,707-184-4417,338-72-8804
777,Aland,Ballin,aballinlk@microsoft.com,351-717-9823,311-92-1279
778,Jedediah,Suerz,jsuerzll@tripadvisor.com,583-334-8339,368-79-8880
779,Nelson,Chatterton,nchattertonlm@a8.net,652-314-2597,642-02-7869
780,Johannes,Gasgarth,jgasgarthln@amazon.co.uk,705-363-2820,399-10-6218
781,Ezechiel,Ruffli,erufflilo@marketwatch.com,301-978-9862,132-37-8153
782,Deana,Bruckent,dbruckentlp@is.gd,852-678-8790,607-50-9158
783,Mirabella,Scanes,mscaneslq@sogou.com,377-916-3262,183-84-2074
784,Hanna,Kezor,hkezorlr@eepurl.com,442-201-9703,170-42-3817
785,Bobinette,Andrault,bandraultls@vinaora.com,745-372-9944,107-09-8231
786,Montague,Gianilli,mgianillilt@ebay.co.uk,113-116-1584,157-67-6708
787,Maurice,Shrieve,mshrievelu@privacy.gov.au,572-784-9386,213-72-5492
788,Dalia,Drewson,ddrewsonlv@java.com,483-910-7448,201-56-3819
789,Christina,Molan,cmolanlw@gmpg.org,455-923-2643,610-30-4497
790,Sarita,Broseke,sbrosekelx@oaic.gov.au,825-863-1216,253-91-7644
791,Marlena,Suggate,msuggately@php.net,533-920-7689,604-14-6949
792,Towny,Eyden,teydenlz@wufoo.com,106-785-7078,745-97-6965
793,Kayle,Hartas,khartasm0@bravesites.com,282-329-6269,436-61-2482
794,Liza,Brunsdon,lbrunsdonm1@blogspot.com,275-308-5834,557-94-8033
795,Philippe,Ritchley,pritchleym2@hao123.com,255-286-6086,882-56-6349
796,Ginger,Kondratenya,gkondratenyam3@state.tx.us,129-760-9007,773-65-3333
797,Simon,Rewbottom,srewbottomm4@stanford.edu,340-123-8288,717-30-9943
798,Lettie,Gregolotti,lgregolottim5@wikimedia.org,813-528-4026,340-76-3876
799,Polly,Drinkale,pdrinkalem6@msn.com,356-989-8161,427-28-1765
800,Gabrielle,Trattles,gtrattlesm7@ycombinator.com,887-257-2725,335-23-3267
801,Polly,Nazaret,pnazaretm8@prlog.org,628-315-2294,632-97-5555
802,Jdavie,Esslement,jesslementm9@loc.gov,406-816-6427,267-98-8122
803,Dalis,Lawton,dlawtonma@wunderground.com,754-375-5156,764-23-6474
804,Prince,Baldi,pbaldimb@rambler.ru,790-175-1769,482-44-6964
805,Theressa,Thwaite,tthwaitemc@berkeley.edu,485-330-5822,704-14-4459
806,Hyacinthe,Doblin,hdoblinmd@irs.gov,334-800-6120,312-11-6516
807,Benjie,Berthome,bberthomeme@tripod.com,272-301-3888,302-83-5850
808,Leona,Fussell,lfussellmf@surveymonkey.com,497-992-6261,523-07-8408
809,Roda,Bisson,rbissonmg@moonfruit.com,221-425-2876,505-52-7947
810,Gael,Sturman,gsturmanmh@omniture.com,164-563-3680,502-30-7962
811,Marv,Goundry,mgoundrymi@weebly.com,269-911-2104,215-40-0784
812,Kally,Windless,kwindlessmj@home.pl,209-539-0205,182-52-8841
813,Skipp,Kaspar,skasparmk@time.com,545-199-1323,126-72-6714
814,Avis,Huxham,ahuxhamml@cdc.gov,604-807-8539,538-75-0907
815,Mavis,Keates,mkeatesmm@soup.io,517-375-8383,147-48-6959
816,Martina,Duinbleton,mduinbletonmn@newyorker.com,459-237-7379,637-17-0555
817,Minor,Enns,mennsmo@bandcamp.com,589-837-2376,687-41-6394
818,Gene,Kingshott,gkingshottmp@t-online.de,600-681-6055,677-11-8445
819,Emlynn,Crebott,ecrebottmq@rediff.com,344-551-8882,600-63-0356
820,Thaxter,Dulany,tdulanymr@amazonaws.com,957-654-9283,322-61-7733
821,Lurline,Andrewartha,landrewarthams@bbc.co.uk,757-131-6828,423-19-9947
822,Jamil,Comiam,jcomiammt@addthis.com,340-745-8864,317-93-3434
823,Burg,Patmore,bpatmoremu@skype.com,735-679-2858,879-30-2600
824,Morrie,Wapplington,mwapplingtonmv@networkadvertising.org,606-329-7746,823-99-7278
825,Charmian,Girvin,cgirvinmw@apple.com,105-793-8602,803-91-7996
826,Rock,Curuclis,rcuruclismx@php.net,533-142-3489,246-41-2945
827,Moselle,Mockes,mmockesmy@mtv.com,321-435-3144,765-59-6451
828,Sena,Spitell,sspitellmz@rambler.ru,624-582-2106,255-28-7592
829,Lulu,Purviss,lpurvissn0@a8.net,940-173-9636,367-14-3840
830,Helaine,Stuffins,hstuffinsn1@live.com,882-518-2834,505-22-6810
831,Zorine,Lealle,zleallen2@businessinsider.com,292-249-0741,434-98-2683
832,Geneva,Rowes,growesn3@ycombinator.com,694-849-0839,731-30-8847
833,Adham,Danielkiewicz,adanielkiewiczn4@stumbleupon.com,820-342-5347,795-15-0890
834,Teena,Whittles,twhittlesn5@delicious.com,412-637-3684,355-54-5255
835,Sharleen,Braga,sbragan6@amazon.de,926-573-0243,419-03-8929
836,Adan,Puleque,apulequen7@jugem.jp,257-476-4947,130-34-0970
837,Sidnee,Bytheway,sbythewayn8@microsoft.com,278-567-1636,136-35-0290
838,Muriel,Lawrenceson,mlawrencesonn9@mlb.com,376-494-4772,524-19-9012
839,Benedetto,Andrioli,bandriolina@skype.com,315-513-8771,600-13-1683
840,Misti,de Aguirre,mdeaguirrenb@sina.com.cn,235-741-6176,574-70-3125
841,Cynthy,Prall,cprallnc@fda.gov,263-558-1445,335-96-1435
842,Janenna,Mackerness,jmackernessnd@adobe.com,213-100-2346,808-99-1574
843,Stu,Clampton,sclamptonne@independent.co.uk,697-886-7898,875-88-0225
844,Broddie,Tigner,btignernf@naver.com,278-119-3188,644-50-2132
845,Lara,Penticoot,lpenticootng@sourceforge.net,921-697-7857,636-69-1511
846,Tiffany,Lampke,tlampkenh@wiley.com,754-795-3384,583-54-7039
847,Clerc,MacLeese,cmacleeseni@umich.edu,752-430-5732,801-21-6505
848,Rouvin,Rearie,rrearienj@cbc.ca,422-541-7258,219-64-4758
849,Merrile,Drugan,mdrugannk@senate.gov,923-163-4468,202-63-5921
850,Loria,Eagan,leagannl@oakley.com,195-577-8570,776-74-9482
851,Sammie,Morville,smorvillenm@4shared.com,389-100-3521,432-41-5626
852,Quintus,Priddie,qpriddienn@cmu.edu,498-201-6932,639-96-2583
853,Evvy,Mangion,emangionno@fastcompany.com,833-859-4187,272-44-3581
854,Dorise,Ladbrook,dladbrooknp@google.fr,441-297-8256,487-98-6422
855,Almira,Legrave,alegravenq@tinypic.com,452-453-7440,329-92-4550
856,Georgette,Galbreth,ggalbrethnr@ask.com,390-809-9433,744-68-4277
857,Sidonnie,Jindrak,sjindrakns@engadget.com,223-377-4100,574-15-0653
858,Silvana,Watts,swattsnt@indiatimes.com,413-275-3439,859-05-4037
859,Felisha,Toone,ftoonenu@skype.com,249-632-8471,752-05-8763
860,Chrissie,Behnecke,cbehneckenv@scribd.com,507-780-2184,444-20-7865
861,Carl,Alywin,calywinnw@senate.gov,311-396-4073,365-72-4752
862,Raddy,Pinnington,rpinningtonnx@gravatar.com,306-854-6655,511-01-9684
863,Franciska,Bidwell,fbidwellny@creativecommons.org,726-288-2781,563-81-5254
864,Pauly,Mateos,pmateosnz@wikimedia.org,743-283-8179,631-85-6541
865,Teresita,Birdall,tbirdallo0@hibu.com,270-555-0049,377-12-4230
866,Riobard,Garraway,rgarrawayo1@about.com,578-787-2675,380-08-6361
867,Blake,Holdforth,bholdfortho2@oakley.com,139-492-0126,607-90-4540
868,Lyssa,MacKain,lmackaino3@myspace.com,718-263-8608,175-33-2917
869,Germain,Franzettoini,gfranzettoinio4@wired.com,767-773-6874,888-43-4427
870,Lucy,Pendergrast,lpendergrasto5@mapquest.com,625-605-6727,729-36-3472
871,Nathan,Zima,nzimao6@globo.com,920-880-6818,291-93-8310
872,Fredric,Cavell,fcavello7@apache.org,168-784-6468,892-84-6983
873,Priscilla,Raveau,praveauo8@shareasale.com,969-178-6112,501-71-7422
874,Hamil,Pallin,hpallino9@weebly.com,559-885-6412,445-63-1298
875,Jasen,Work,jworkoa@spotify.com,972-234-2143,715-55-5984
876,Patti,Armand,parmandob@fotki.com,930-928-6039,123-58-9597
877,Yul,Harsnep,yharsnepoc@i2i.jp,936-283-7794,427-02-2868
878,Arlyn,Bengochea,abengocheaod@etsy.com,527-300-6113,880-28-8472
879,Jennilee,Lafflina,jlafflinaoe@intel.com,240-916-7943,438-37-7324
880,Emalee,Jachimak,ejachimakof@free.fr,966-948-4226,881-72-4324
881,Arlena,Thursby,athursbyog@paginegialle.it,331-947-3694,599-74-7640
882,Teddie,Ferrai,tferraioh@theglobeandmail.com,369-502-8465,104-81-2426
883,Shandee,Loverock,sloverockoi@zimbio.com,211-315-9494,611-39-6779
884,Florentia,Daelman,fdaelmanoj@nasa.gov,880-607-4092,477-29-4420
885,Ulla,Timmes,utimmesok@bloglovin.com,135-544-5474,366-34-6531
886,Rea,Delamere,rdelamereol@usatoday.com,415-771-7893,701-32-5474
887,Shawnee,Syddon,ssyddonom@biglobe.ne.jp,939-828-7871,420-82-8715
888,Minnnie,Dewdney,mdewdneyon@examiner.com,919-939-5771,427-39-6292
889,Billie,Becerra,bbecerraoo@wikipedia.org,832-377-2639,284-95-8402
890,Easter,Acory,eacoryop@jalbum.net,624-625-6545,866-56-8592
891,Alisander,Bernadot,abernadotoq@examiner.com,229-628-3797,336-38-1835
892,Annalee,Bushel,abushelor@baidu.com,159-715-7056,777-01-1941
893,Jared,McArdell,jmcardellos@google.ru,304-321-5903,611-07-1868
894,Evania,McCullum,emccullumot@cdc.gov,905-327-0640,413-99-0211
895,Clevey,Corking,ccorkingou@desdev.cn,503-421-1793,205-23-7821
896,Linn,Ind,lindov@reuters.com,544-102-3736,620-27-0728
897,Annetta,Kinnie,akinnieow@nymag.com,538-851-9769,486-53-7667
898,Salome,Broggio,sbroggioox@deviantart.com,656-680-0413,387-14-9342
899,Hunter,Dumbelton,hdumbeltonoy@adobe.com,970-294-4195,655-85-0131
900,Krystle,Buss,kbussoz@addtoany.com,874-434-7000,887-54-7145
901,Bert,Exroll,bexrollp0@hud.gov,364-516-4065,286-34-1856
902,Kennedy,Tarte,ktartep1@usatoday.com,490-799-6112,231-33-9515
903,Wright,Lindenbluth,wlindenbluthp2@techcrunch.com,100-752-3597,329-99-1808
904,Karmen,Sandison,ksandisonp3@hostgator.com,111-643-5670,311-28-1370
905,Taylor,Furley,tfurleyp4@hc360.com,689-291-5097,869-46-4499
906,Hyacinthe,Wiggett,hwiggettp5@irs.gov,722-411-9459,204-08-7835
907,Ulrich,Fishbourne,ufishbournep6@whitehouse.gov,211-870-9453,283-40-4317
908,Joana,Merigot,jmerigotp7@php.net,552-876-0320,510-66-5610
909,Staci,Medland,smedlandp8@china.com.cn,911-417-7352,617-87-7550
910,Veronique,Dickson,vdicksonp9@fema.gov,389-984-1225,651-16-0011
911,Brook,Grzelczyk,bgrzelczykpa@myspace.com,615-309-2356,813-11-9787
912,Tiphani,Hulatt,thulattpb@mapquest.com,372-922-3296,567-93-9684
913,Randal,Britt,rbrittpc@craigslist.org,356-104-6569,693-27-1632
914,Gerladina,Hubball,ghubballpd@free.fr,259-777-7090,163-06-2303
915,Fulton,Tesmond,ftesmondpe@google.ca,338-570-2252,340-28-6411
916,Zorah,Bucham,zbuchampf@163.com,591-710-5369,819-53-4071
917,Gale,Flux,gfluxpg@whitehouse.gov,602-137-4988,114-57-3314
918,Rudd,Felkin,rfelkinph@twitpic.com,844-736-3822,721-47-9058
919,Skippy,Coverley,scoverleypi@youtu.be,446-345-2091,333-55-6254
920,Jarad,Hallyburton,jhallyburtonpj@1und1.de,668-157-7770,679-87-8838
921,Jocelyn,Puve,jpuvepk@virginia.edu,284-994-5847,427-99-2872
922,Christy,Perrelli,cperrellipl@google.es,399-280-5150,496-87-2649
923,Valencia,Wormleighton,vwormleightonpm@homestead.com,996-926-0192,601-97-0698
924,Felix,Beentjes,fbeentjespn@wufoo.com,586-703-7962,833-38-7103
925,Jessamine,Hauger,jhaugerpo@narod.ru,945-311-6398,884-16-9646
926,Niel,Jorczyk,njorczykpp@constantcontact.com,460-545-9964,286-05-3393
927,Torry,Biaggetti,tbiaggettipq@sfgate.com,840-477-6103,730-67-4466
928,Guinna,Nattriss,gnattrisspr@scientificamerican.com,732-189-8715,491-21-1147
929,Kareem,Danett,kdanettps@over-blog.com,297-718-4212,549-73-9173
930,Roz,Lukasik,rlukasikpt@narod.ru,927-119-2092,495-89-5728
931,Odey,Orwin,oorwinpu@thetimes.co.uk,950-489-1640,725-86-6256
932,Merridie,Laws,mlawspv@foxnews.com,829-236-2571,785-88-2257
933,Jacqui,Benoit,jbenoitpw@pbs.org,512-277-4510,839-63-8928
934,Curtice,Pickworth,cpickworthpx@mapquest.com,338-956-2762,199-33-7740
935,Meredithe,Blogg,mbloggpy@latimes.com,528-849-7238,408-33-1810
936,Allyn,Dyte,adytepz@goodreads.com,857-412-2731,545-40-1289
937,Francklyn,Bellerby,fbellerbyq0@bbc.co.uk,547-689-3392,270-34-4641
938,Blancha,Eliasson,beliassonq1@de.vu,553-837-6094,505-11-9843
939,Salem,Pawfoot,spawfootq2@netlog.com,733-126-9285,491-43-3148
940,Patrizia,Shepstone,pshepstoneq3@economist.com,514-546-6548,153-90-1695
941,Raye,Janda,rjandaq4@github.com,918-578-7883,349-75-1561
942,Shellysheldon,Cowley,scowleyq5@icq.com,961-668-2579,297-20-9074
943,Shalna,Akram,sakramq6@youtube.com,309-888-8660,108-70-8423
944,Rickie,Collins,rcollinsq7@usda.gov,108-156-2432,708-21-4800
945,Tiebold,Paskell,tpaskellq8@miibeian.gov.cn,405-305-8353,237-61-0772
946,Nickey,McBay,nmcbayq9@parallels.com,125-507-2723,751-38-0399
947,Farr,Nannini,fnanniniqa@google.cn,834-971-5918,815-36-6185
948,Kally,Gellier,kgellierqb@usa.gov,322-563-5811,264-13-8549
949,Whitby,Bissett,wbissettqc@jigsy.com,474-786-3619,460-72-4627
950,Anthea,Antonignetti,aantonignettiqd@ustream.tv,283-269-3320,137-39-2038
951,Carter,Follan,cfollanqe@phpbb.com,783-772-2107,312-13-3964
952,Alvina,Plom,aplomqf@behance.net,629-284-8141,713-06-0976
953,Donetta,Yanshinov,dyanshinovqg@zimbio.com,680-115-1526,266-22-8943
954,Britni,Poulett,bpoulettqh@hc360.com,881-954-2419,475-14-5411
955,Kristos,Fike,kfikeqi@google.com,411-457-0904,195-39-1757
956,Quintus,Bottleson,qbottlesonqj@theglobeandmail.com,541-567-7759,782-94-1035
957,Jarad,Runnicles,jrunniclesqk@cargocollective.com,807-901-5209,322-14-0408
958,Wini,Ritmeyer,writmeyerql@edublogs.org,471-440-3794,830-09-2445
959,Fabien,Findlow,ffindlowqm@sogou.com,851-284-0134,743-41-5565
960,Bondy,Shipcott,bshipcottqn@moonfruit.com,660-112-0475,200-74-1418
961,Amandy,Jarred,ajarredqo@paypal.com,132-525-7847,449-49-1385
962,James,Nassau,jnassauqp@myspace.com,993-889-3723,610-14-9760
963,Darsey,Cosgrave,dcosgraveqq@sohu.com,839-854-0917,811-37-7389
964,Leonora,Doxsey,ldoxseyqr@sphinn.com,152-542-4103,503-78-9219
965,Genia,Mathelin,gmathelinqs@about.com,101-278-5811,833-02-1192
966,Debby,Blythin,dblythinqt@studiopress.com,785-676-1555,283-19-5277
967,Kelwin,Berzins,kberzinsqu@yolasite.com,198-364-0740,216-39-5469
968,Sallyanne,Jeanet,sjeanetqv@cafepress.com,666-201-7221,363-86-9547
969,Rochell,Boolsen,rboolsenqw@ustream.tv,939-426-7548,108-68-6345
970,Derk,Goldsberry,dgoldsberryqx@ft.com,458-350-3272,736-79-4363
971,Dominik,Sarginson,dsarginsonqy@symantec.com,418-630-1767,683-21-7834
972,Elizabeth,Skinner,eskinnerqz@facebook.com,306-776-5600,749-10-3250
973,Englebert,Packham,epackhamr0@shareasale.com,528-368-9018,665-28-0127
974,Iain,Hallatt,ihallattr1@sphinn.com,449-184-1782,194-54-2876
975,Felicia,Vescovo,fvescovor2@people.com.cn,991-866-6786,406-76-4267
976,Zsa zsa,MacGuffog,zmacguffogr3@cbsnews.com,746-140-7162,507-17-4011
977,Dianemarie,Lamplugh,dlamplughr4@canalblog.com,725-589-6282,212-01-4628
978,Nick,Cantillion,ncantillionr5@example.com,554-385-7899,723-39-0788
979,Herculie,Flemmich,hflemmichr6@amazon.com,618-661-2010,831-02-9573
980,Danika,Patington,dpatingtonr7@npr.org,684-941-6283,819-75-8891
981,Barr,Wolfendell,bwolfendellr8@over-blog.com,185-540-4198,776-75-4411
982,Brittney,Habden,bhabdenr9@networkadvertising.org,133-842-8597,517-66-1524
983,Carrie,Perrins,cperrinsra@paypal.com,739-934-8874,413-03-7436
984,Dewitt,Screas,dscreasrb@ft.com,934-212-3900,649-16-2137
985,Levin,Austins,laustinsrc@eventbrite.com,601-203-0399,364-51-3198
986,Ichabod,Macauley,imacauleyrd@biglobe.ne.jp,222-536-6199,834-21-4740
987,Ame,Ashpole,aashpolere@mediafire.com,937-122-7933,687-07-1168
988,Idell,Cristofori,icristoforirf@reuters.com,659-489-2772,109-26-5349
989,Crista,Fortie,cfortierg@weebly.com,992-738-1949,431-43-1310
990,Lydie,Ferminger,lfermingerrh@nih.gov,510-534-1624,552-28-8704
991,Michal,Pietruszka,mpietruszkari@youku.com,655-663-5397,515-28-4764
992,Millard,Dubery,mduberyrj@wikipedia.org,242-197-1987,410-91-8715
993,Thibaut,Longmaid,tlongmaidrk@loc.gov,735-584-6501,490-40-2701
994,Tito,Landman,tlandmanrl@ucoz.com,751-518-8119,249-97-0478
995,Lin,Aizikovich,laizikovichrm@intel.com,345-335-3613,732-39-1160
996,Leland,Hourston,lhourstonrn@odnoklassniki.ru,588-372-2891,502-27-1802
997,Tallia,Tomkys,ttomkysro@apache.org,219-816-6588,465-77-3580
998,Aaron,Donn,adonnrp@umich.edu,920-611-9230,297-18-9415
999,Melicent,Kilpin,mkilpinrq@yahoo.com,258-606-9986,293-55-4895
1000,Kaspar,Fogden,kfogdenrr@salon.com,152-732-1536,425-70-5112

